code	revision	station	longitude	QoS	latitude
PL	2018/10/18	Zgorzelec	15.00835	excellent	51.14942
RU	02 Nov 2024	Saraktash	56.36091	good	51.78771
DE	2018/12/31	Zeitz	12.1369	acceptable	51.04962
US	2015/10/12	Thomasville	-80.08199	excellent	35.88264
MK	2024-04-03	Saraj	21.32778	acceptable	42
FR	2017/02/17	Bron	4.91667	good	45.73333
AU	2023/10/02	Carnegie	145.06667	excellent	-37.88333
CN	11/02/2024, 00:00:00	Pingyi	117.63083	excellent	35.50056
IN	2024-06-02	Madhipura	86.79271	acceptable	25.92127
CL	01 Aug 2023	San Bernardo	-70.6996	good	-33.59217
GB	2021-04-20	Arbroath	-2.58736	acceptable	56.56317
US	2015-09-24	Watsonville	-121.75689	good	36.91023
GB	10/30/2021, 00:00:00	Surbiton	-0.29825	acceptable	51.39148
CZ	06/27/2022, 00:00:00	Jindřichův Hradec	15.006139	good	49.144482
US	16 Feb 2017	Port Richmond	-74.13653	acceptable	40.63316
CA	27 Feb 2022	Norfolk County	-80.38297	good	42.8334
IT	28 May 2022	Ventimiglia	7.60872	excellent	43.78956
BY	03 Dec 2017	Vitebsk	30.2049	maintenance	55.1904
RU	29 Feb 2024	Ozersk	60.70278	good	55.75556
US	2021-03-05	Kensington	-73.97069	good	40.64621
US	10 Jul 2024	Vestavia Hills	-86.78777	good	33.44872
FR	2021-05-12	Mitry-Mory	2.61667	good	48.98333
MM	03/19/2022, 00:00:00	Myawadi	98.50893	good	16.68911
ET	2024-11-20	Debre Tabor	38.01667	good	11.85
TN	2020-01-03	Beni Khiar	10.78222	excellent	36.46917
IN	21 Oct 2016	Malaut	74.4818	excellent	30.21121
US	2024-01-12	Bryn Mawr-Skyway	-122.24092	good	47.4943
DE	01/29/2017, 00:00:00	Hechingen	8.96317	good	48.35149
US	05/16/2018, 00:00:00	San Gabriel	-118.10583	acceptable	34.09611
JP	2024-09-28	Minokamo	137.02166	good	35.48199
ID	2020-02-13	Kediri	112.01667	excellent	-7.81667
NZ	10 Jan 2017	Gisborne	178.00417	good	-38.65333
NI	26 Oct 2022	Jinotepe	-86.19903	good	11.84962
CA	2020/08/05	Sherwood Park	-113.3187	excellent	53.51684
JP	11 Dec 2015	Iwade	135.31667	excellent	34.25
ID	2017/03/25	Simpang	104.09701	good	-1.26424
AZ	2025-09-18	Qazax	45.36561	acceptable	41.09246
SK	2020-06-26	Hlohovec	17.8031	good	48.43174
RU	2018-08-11	Kashira	38.16694	good	54.84444
US	01/19/2017, 00:00:00	Huntley	-88.42814	acceptable	42.16808
BR	2017/01/22	Caldas Novas	-48.62789	good	-17.74431
TH	28 Mar 2025	Bua Yai	102.42587	excellent	15.58552
SO	10/27/2023, 00:00:00	Baki	43.38531	good	9.89206
FR	2024/01/27	Sceaux	2.29026	good	48.77644
ES	2024/02/10	Gandia	-0.18333	good	38.96667
MX	05/02/2024, 00:00:00	Zacoalco de Torres	-103.5687	good	20.22816
RU	22 May 2022	Beryozovsky	60.8019	acceptable	56.9083
US	13 Oct 2019	Leland	-78.04471	excellent	34.25628
FR	06/08/2017, 00:00:00	Sceaux	2.29026	excellent	48.77644
US	01 Aug 2019	Brunswick	-69.96533	good	43.91452
ID	14 Nov 2019	Tebingtinggi	99.1625	excellent	3.3285
CN	20 Sep 2017	Wacheng	114.51667	excellent	33.78333
NL	2015/10/08	Culemborg	5.22778	maintenance	51.955
PH	2018-06-25	Talisay	122.9666	acceptable	10.7375
AU	15 Sep 2020	Eastwood	151.08057	good	-33.79176
MT	2019/01/29	Valletta	14.51472	acceptable	35.89972
BR	2023/05/18	Alfenas	-45.94722	excellent	-21.42917
CN	01/10/2025, 00:00:00	Hengshui	115.70111	excellent	37.73222
PT	2021/02/22	Paredes	-8.33147	excellent	41.20485
IN	01/15/2017, 00:00:00	Narwar	77.9129	good	25.6439
BY	05/06/2023, 00:00:00	Vitebsk	30.2049	good	55.1904
GB	11/29/2024, 00:00:00	Winsford	-2.52398	excellent	53.19146
AT	10/14/2019, 00:00:00	Floridsdorf	16.4	excellent	48.25
AU	06 Feb 2021	Carnegie	145.06667	good	-37.88333
IN	23 Jan 2022	Deoli	75.37991	excellent	25.75728
RU	11/09/2019, 00:00:00	Shushary	30.38167	acceptable	59.80917
FR	2019-10-09	Talence	-0.59543	excellent	44.80477
GB	2023/10/07	Thetford	0.75	excellent	52.41667
BR	2019-07-26	Itacoatiara	-58.44417	excellent	-3.14306
GE	25 May 2019	Kobuleti	41.77921	excellent	41.82143
PH	28 May 2017	Maasin	124.84472	acceptable	10.13361
IN	13 Sep 2017	Gariadhar	71.57737	maintenance	21.53889
US	20 Sep 2024	Port Huron	-82.42491	maintenance	42.97086
NG	30 Nov 2018	Biu	12.19458	good	10.61285
IT	2020/09/27	Perugia	12.38878	good	43.1122
IN	2025-08-12	Sojat	73.66633	good	25.92493
MX	07/31/2018, 00:00:00	Jocotepec	-103.42897	good	20.28527
US	2023-11-08	Fort Washington	-77.02303	good	38.70734
PH	04/03/2016, 00:00:00	Manaoag	120.4861	excellent	16.0438
SV	07/05/2016, 00:00:00	Sonzacate	-89.71472	good	13.73417
DE	2024-05-22	Siegburg	7.20769	excellent	50.80019
BR	2017-04-24	Viradouro	-48.29694	good	-20.87306
US	03/11/2025, 00:00:00	Pleasant Prairie	-87.93341	excellent	42.55308
IN	04/22/2021, 00:00:00	Udumalaippettai	77.24779	excellent	10.58806
IN	12 Feb 2019	Gingee	79.41727	excellent	12.25282
DZ	2015-10-06	El Achir	4.62744	acceptable	36.06386
RU	11/21/2019, 00:00:00	Kolomyagi	30.28491	maintenance	60.02427
CN	2024/11/18	Sishui	117.27583	excellent	35.64889
PA	14 Jul 2020	Chilibre	-79.62098	good	9.15093
UA	01/15/2022, 00:00:00	Svatove	38.15035	maintenance	49.41029
IN	2016-05-31	Leteri	77.40858	excellent	24.05979
RU	2020-07-24	Yablonovskiy	38.94324	acceptable	44.98901
PH	04/26/2018, 00:00:00	Talisay	122.9666	acceptable	10.7375
BR	10/07/2024, 00:00:00	Itacoatiara	-58.44417	good	-3.14306
FR	2018/05/19	Bar-le-Duc	5.16108	excellent	48.77275
ES	02 Jul 2020	Palafrugell	3.1631	good	41.91738
CN	10 Jul 2022	Meizhou	116.11768	good	24.28859
CN	11/03/2018, 00:00:00	Hengshui	115.70111	good	37.73222
NG	2017/12/10	Olupona	4.18333	good	7.6
BR	2022/12/25	Canavieiras	-38.94722	good	-15.675
MQ	05/12/2017, 00:00:00	Le Robert	-60.94228	good	14.67751
IL	2022/03/30	Ganei Tikva	34.8732	excellent	32.05971
PH	2023-09-12	La Trinidad	120.5875	excellent	16.455
GB	05/28/2018, 00:00:00	Strood	0.47713	good	51.39323
CN	09/27/2018, 00:00:00	Taozhuang	117.33333	acceptable	34.85
IN	14 Dec 2020	Davangere	75.92694	excellent	14.46693
IT	2018-09-19	Agrigento	13.57661	good	37.31065
NL	2024/05/30	Emmeloord	5.74861	good	52.71083
JP	2019-09-26	Toyokawa	137.4	excellent	34.81667
ID	2018/01/08	Besuki	113.69785	excellent	-7.73379
IN	2019/10/23	Parola	75.11937	excellent	20.88098
CA	2015-09-27	Sherwood Park	-113.3187	good	53.51684
US	2016-09-15	New Canaan	-73.49484	excellent	41.14676
RU	05 Aug 2018	Kolomyagi	30.28491	excellent	60.02427
IN	2016-02-07	Pilkhua	77.656	good	28.71271
IN	07/22/2025, 00:00:00	Elamanchili	82.85749	good	17.54907
PL	2024-10-16	Brzeg	17.4674	good	50.86079
US	2021/08/01	Sterling	-77.4286	acceptable	39.00622
CO	10/17/2015, 00:00:00	Honda	-74.73584	good	5.20856
CO	2020-06-03	Buenaventura	-77.03116	good	3.8801
GB	07/26/2021, 00:00:00	Barnet	-0.2	excellent	51.65
US	2019-03-10	Dumont	-73.99681	excellent	40.94065
JP	03/28/2017, 00:00:00	Fujioka	139.07204	good	36.24624
PL	2019/05/30	Zgorzelec	15.00835	good	51.14942
CN	01 Feb 2024	Boli	130.57211	good	45.75279
IT	21 Jan 2016	Campobasso	14.66737	good	41.55947
TZ	01 Mar 2017	Same	37.73333	maintenance	-4.06667
FR	2016-01-02	Mitry-Mory	2.61667	excellent	48.98333
RU	09 Aug 2016	Zhukovka	33.72798	good	53.53395
US	06/15/2019, 00:00:00	Troutdale	-122.38731	good	45.53929
GB	2021-07-22	Lower Earley	-0.91979	acceptable	51.42708
US	13 Sep 2017	Nutley	-74.15987	good	40.82232
CA	2024/11/19	Norfolk County	-80.38297	good	42.8334
US	16 Sep 2023	Greenpoint	-73.95097	acceptable	40.72371
BR	2019/07/02	Imbituba	-48.67028	acceptable	-28.24
US	18 Apr 2025	Kaukauna	-88.27205	excellent	44.27804
AU	2020-12-23	Baulkham Hills	150.99292	good	-33.75881
US	10 Nov 2022	Gainesville	-82.32483	good	29.65163
GB	01/28/2021, 00:00:00	Arbroath	-2.58736	good	56.56317
RU	2018-08-19	Kachkanar	59.4839	good	58.7002
MX	2025-02-04	Contla	-98.1664	excellent	19.32932
IN	2022/03/07	Patti	74.85849	good	31.28092
PH	27 Mar 2023	Baliuag	120.89694	good	14.95472
CN	2021/01/16	Shuangcheng	126.28333	good	45.35
GB	2021-06-14	Lower Earley	-0.91979	good	51.42708
NI	2017-03-28	Jinotepe	-86.19903	good	11.84962
MK	08/10/2019, 00:00:00	Saraj	21.32778	good	42
IT	12/24/2017, 00:00:00	Mesagne	17.80774	acceptable	40.55851
IN	2020-10-06	Kundla	71.30633	maintenance	21.34222
CN	10/03/2024, 00:00:00	Shuangcheng	126.28333	good	45.35
CN	18 Jun 2023	Taozhuang	117.33333	good	34.85
MX	01/01/2019, 00:00:00	Zacoalco de Torres	-103.5687	excellent	20.22816
CZ	2022/11/19	České Budějovice	14.480255	good	48.975658
GB	05/24/2019, 00:00:00	Rhosllanerchrugog	-3.05814	acceptable	53.00974
US	2021-07-09	Aurora	-104.83192	excellent	39.72943
PH	01/08/2025, 00:00:00	Antipolo	121.12251	good	14.62578
IN	2016-04-11	Chamba	76.12647	acceptable	32.55531
US	13 May 2018	South Lawndale	-87.71255	good	41.84364
CZ	26 Jul 2020	Ostrava	18.262524	excellent	49.820923
CZ	24 Apr 2021	Praha	14.418540	excellent	50.073658
DE	2025/07/19	Verl	8.51667	excellent	51.88333
CN	2020/11/02	Longgang	120.33063	good	37.65181
DE	2021-05-13	Bensheim	8.61839	excellent	49.68369
MY	11 Sep 2022	Batu Feringgi	100.24529	good	5.4709
MX	04/17/2017, 00:00:00	Guanajuato	-101.2591	excellent	21.01858
RU	24 Sep 2017	Saraktash	56.36091	good	51.78771
TH	2017-04-02	Bang Ban	100.48528	good	14.37395
IN	2025/01/23	Betamcherla	78.14797	excellent	15.45144
LK	05/27/2022, 00:00:00	Dehiwala-Mount Lavinia	79.87116	excellent	6.84019
BJ	08/11/2025, 00:00:00	Tchaourou	2.59753	excellent	8.88649
KR	31 Mar 2019	Hongseong	126.665	good	36.6009
IN	2024-11-22	Talipparamba	75.35927	good	12.04161
AF	15 Nov 2016	Sar-e Pul	65.93249	acceptable	36.21544
ID	2017-07-03	Cibinong	106.85417	good	-6.48167
US	11/21/2024, 00:00:00	Dumont	-73.99681	acceptable	40.94065
NL	04/20/2024, 00:00:00	Losser	7.00417	good	52.26083
CN	2021-05-18	Dongdu	117.7	excellent	35.85
PK	2022-09-17	Sillanwali	72.54064	maintenance	31.82539
HT	30 Aug 2018	Croix-des-Bouquets	-72.22625	good	18.57677
MN	2019/01/14	Ulan Bator	106.88324	acceptable	47.90771
CN	2023-08-02	Longgang	120.33063	excellent	37.65181
RU	2025/02/20	Izluchinsk	76.92421	good	60.97944
KR	2021-01-11	Eisen	128.63083	good	36.82167
IN	2020/03/02	Adra	86.68363	good	23.49668
JP	03 Apr 2020	Iwade	135.31667	good	34.25
IT	11 Aug 2024	Gorgonzola	9.40531	excellent	45.53069
TH	26 Apr 2021	Damnoen Saduak	99.95469	good	13.51825
DE	14 May 2025	Nidderau	8.86704	acceptable	50.23805
IT	2024/07/08	Roseto degli Abruzzi	14.01481	excellent	42.67164
US	2017-05-11	Crystal Lake	-88.3162	excellent	42.24113
US	2019/02/11	Bryn Mawr-Skyway	-122.24092	good	47.4943
RU	2021/02/17	Mikhaylovka	43.2379	good	50.06
CO	2020-02-06	Madrid	-74.26419	good	4.73245
IR	21 Jun 2022	Shahre Jadide Andisheh	51.0193	acceptable	35.6803
ES	19 Sep 2017	San Juan de Aznalfarache	-6.03731	good	37.35813
DE	2023/01/15	Aschaffenburg	9.15214	excellent	49.97704
US	01 Feb 2018	Rosedale	-76.51552	excellent	39.32011
RU	2022/09/30	Privolzhskiy	46.04833	maintenance	51.40944
NL	30 Oct 2017	Tongelre	5.51978	good	51.44889
PK	30 Jul 2016	Jhol	68.88871	acceptable	25.95533
IN	17 Apr 2024	Meerut	77.70636	excellent	28.98002
US	2023/03/28	Utica	-75.23266	good	43.1009
US	26 Mar 2020	Hueytown	-86.99666	good	33.45122
AU	16 Dec 2023	Eastwood	151.08057	acceptable	-33.79176
MG	17 Nov 2023	Ambatondrazaka	48.41667	excellent	-17.83333
IN	01/18/2019, 00:00:00	Dharmapuri	78.15794	maintenance	12.1277
IN	2020-08-10	Chharra	78.40102	excellent	27.9247
GT	07/26/2021, 00:00:00	Chichicastenango	-91.11667	acceptable	14.93333
PR	2024/04/19	Yauco	-66.8499	good	18.03496
TR	07 Jun 2024	Serinhisar	29.26639	good	37.58105
TH	2020/04/11	Nakhon Pathom	100.04427	excellent	13.8196
GB	09/20/2025, 00:00:00	Arbroath	-2.58736	good	56.56317
US	06/12/2021, 00:00:00	Nutley	-74.15987	good	40.82232
IN	2017/02/16	Diamond Harbour	88.18466	good	22.19303
ID	03 Jun 2019	Ngemplak	110.71639	good	-7.54972
ES	2020/06/09	Las Gabias	-3.67029	good	37.13548
PH	2018/09/20	Talisay	122.9666	good	10.7375
UA	2020/01/09	Krasyliv	26.97253	excellent	49.65186
RU	2025-08-17	Kachkanar	59.4839	good	58.7002
MG	2020/04/23	Ikalamavony	46.58333	excellent	-21.15
MX	2019-04-18	Zacoalco de Torres	-103.5687	good	20.22816
DZ	10 Nov 2017	El Achir	4.62744	excellent	36.06386
HK	2023/07/08	Tsuen Wan	114.10479	good	22.37066
US	2024/01/17	Lakewood	-81.79819	good	41.48199
US	2025-04-08	Keizer	-123.02621	acceptable	44.99012
NL	10/15/2016, 00:00:00	Losser	7.00417	good	52.26083
TR	2024-11-23	Gaziantep	37.3825	good	37.05944
BR	23 May 2017	Imbituba	-48.67028	good	-28.24
CO	06/04/2018, 00:00:00	Buenaventura	-77.03116	excellent	3.8801
IN	2021/09/23	Srinagar	74.80555	good	34.08565
TR	05/27/2022, 00:00:00	Mardin	40.74357	excellent	37.31309
US	30 May 2024	Fitchburg	-71.8023	excellent	42.58342
US	10/21/2016, 00:00:00	Rosedale	-76.51552	good	39.32011
IN	2016/11/05	Dalsingh Sarai	85.83636	good	25.66795
RU	2016-10-12	Sharypovo	89.20083	good	55.54028
UZ	31 May 2017	Andijon	72.34424	good	40.78206
PE	2017/06/12	Minas de Marcona	-75.11028	good	-15.21194
PK	19 Feb 2021	Jhol	68.88871	good	25.95533
EG	2019/08/11	Juhaynah	31.4976	good	26.67319
US	2017/05/26	Scotch Plains	-74.38987	good	40.65538
DE	02 Aug 2023	Burscheid	7.11393	excellent	51.08468
MW	2024-10-30	Salima	34.4587	acceptable	-13.7804
TR	31 May 2017	Mudanya	28.88222	good	40.37528
IN	03/17/2017, 00:00:00	Madhipura	86.79271	maintenance	25.92127
TR	2021-01-20	Gaziantep	37.3825	good	37.05944
CN	09/12/2018, 00:00:00	Jingzhou	112.19028	acceptable	30.35028
US	19 Feb 2025	Odessa	-102.36764	acceptable	31.84568
IN	2024-03-03	Puducherry	79.82979	acceptable	11.93381
FR	2017/03/11	Gonesse	2.44892	good	48.98693
AR	08/15/2019, 00:00:00	Aguilares	-65.61427	good	-27.4338
TH	2016/09/30	Yasothon	104.1451	excellent	15.79408
US	2022/08/25	Greenfield	-85.76942	good	39.78504
MY	2017-01-22	Batu Feringgi	100.24529	good	5.4709
RU	12/26/2021, 00:00:00	Lesosibirsk	92.48278	acceptable	58.23583
JP	2022/05/08	Inawashiro	140.11667	good	37.56667
BE	2021-12-23	Lille	4.82313	good	51.24197
MY	25 Apr 2018	Gua Musang	101.96857	good	4.88441
US	01/16/2025, 00:00:00	Woodlawn	-76.72803	good	39.32288
RU	10 Jul 2016	Gudermes	46.10925	good	43.35071
IN	2017-07-31	Gorakhpur	83.36889	acceptable	26.76628
IN	2016-03-28	Betamcherla	78.14797	excellent	15.45144
DE	01/13/2019, 00:00:00	Walsrode	9.5926	excellent	52.86147
PL	03/19/2016, 00:00:00	Brzeg	17.4674	good	50.86079
US	06 Jan 2020	Opportunity	-117.23991	good	47.64995
JP	08/16/2021, 00:00:00	Sasayama	135.21667	acceptable	35.06667
US	2019-05-01	Tyler	-95.30106	good	32.35126
RU	11 May 2021	Yablonovskiy	38.94324	good	44.98901
IN	23 Nov 2015	Hungund	76.0586	good	16.06213
MX	2024/07/01	Paracho de Verduzco	-102.04897	excellent	19.64745
NG	07/27/2016, 00:00:00	Kafanchan	8.2926	excellent	9.58126
MX	04/20/2023, 00:00:00	Teziutlan	-97.35992	good	19.8173
US	09 Feb 2019	Norwalk	-82.61573	acceptable	41.24255
CN	2020/06/13	Pucheng	118.53333	acceptable	27.92333
US	28 May 2025	Beaumont	-116.97725	acceptable	33.92946
RU	2016/01/13	Danilov	40.17171	good	58.1908
UA	13 Feb 2021	Kherson	32.6178	excellent	46.65581
BA	2023-02-14	Bijeljina	19.21437	good	44.75874
US	29 Nov 2022	Norwalk	-82.61573	acceptable	41.24255
US	18 Jul 2016	West Chester	-75.60804	acceptable	39.96097
DE	2016-03-10	Ehingen	9.72749	good	48.28259
ES	28 Sep 2021	Palafrugell	3.1631	good	41.91738
TZ	2021/04/11	Chanika	38.01667	excellent	-5.41667
ME	07/07/2025, 00:00:00	Budva	18.84	excellent	42.28639
BR	2022-06-16	Pedro II	-41.45861	excellent	-4.42472
JP	08/14/2019, 00:00:00	Okegawa	139.55722	good	36
IL	2020-11-06	Rahat	34.75699	acceptable	31.39547
US	05/23/2022, 00:00:00	West Des Moines	-93.71133	maintenance	41.57721
JP	02/23/2016, 00:00:00	Hakodate	140.73667	excellent	41.77583
US	21 Dec 2020	Milledgeville	-83.2321	maintenance	33.08014
DE	2019-08-30	Schleswig	9.5586	excellent	54.52156
BR	12/03/2024, 00:00:00	Marau	-52.2	good	-28.44917
ES	2023-12-09	Gernika-Lumo	-2.68333	good	43.31667
JP	28 Sep 2021	Suzaka	138.31667	acceptable	36.65
KE	2024/11/04	Lodwar	35.59642	good	3.11988
RU	2020/03/29	Kashira	38.16694	acceptable	54.84444
GB	2016/01/18	Strood	0.47713	good	51.39323
FR	07 Nov 2018	Fontenay-aux-Roses	2.29275	good	48.79325
GB	02/20/2018, 00:00:00	Walton-on-the-Naze	1.26738	good	51.84819
SO	2021-02-21	Baki	43.38531	excellent	9.89206
CA	2019-06-07	Vernon	-119.27337	good	50.26729
CZ	10/15/2024, 00:00:00	Terezín	14.150558	acceptable	50.511002
CN	2018/12/22	Changzhi	111.73861	good	35.20889
US	2019/05/26	Palm Desert	-116.37697	excellent	33.72255
RU	2025-05-12	Bogoroditsk	38.12408	excellent	53.77166
KR	21 Mar 2023	Sinhyeon	128.62667	good	34.8825
RU	2020-09-27	Ozersk	60.70278	excellent	55.75556
SO	14 Sep 2025	Kismayo	42.54536	excellent	-0.35817
US	2015/11/18	Scotch Plains	-74.38987	excellent	40.65538
PK	2021/09/30	Jhol	68.88871	acceptable	25.95533
CN	08/28/2020, 00:00:00	Dongdu	117.7	excellent	35.85
IT	2016-05-21	Somma Vesuviana	14.43865	excellent	40.87329
PT	01/22/2024, 00:00:00	Albufeira	-8.2503	good	37.08819
MY	12/14/2016, 00:00:00	Batu Feringgi	100.24529	excellent	5.4709
US	2022-08-29	Norwalk	-82.61573	maintenance	41.24255
IN	2018-05-28	Gorakhpur	83.36889	acceptable	26.76628
US	09/26/2016, 00:00:00	Keizer	-123.02621	excellent	44.99012
FR	21 Nov 2016	Dax	-1.05366	good	43.71032
BR	14 Nov 2016	Itaperuna	-41.88778	good	-21.205
US	2019/01/31	Aloha	-122.86705	good	45.49428
RU	2024-02-05	Yeysk	38.2739	acceptable	46.7055
DE	26 Oct 2015	Marburg an der Lahn	8.77069	good	50.80904
US	12/30/2023, 00:00:00	Hutchinson	-97.92977	maintenance	38.06084
US	02/03/2021, 00:00:00	Middletown	-71.29144	excellent	41.54566
IN	16 Jun 2016	Alwaye	76.35484	acceptable	10.10649
MQ	2021-11-06	Le Robert	-60.94228	excellent	14.67751
BR	20 Aug 2024	Itabirito	-43.80139	acceptable	-20.25333
US	22 Jun 2020	Lower West Side	-87.66561	good	41.8542
BR	2016-04-24	Esmeraldas	-44.31389	good	-19.7625
NG	2016/08/28	Biu	12.19458	good	10.61285
CN	29 Sep 2024	Liaoyang	123.17306	acceptable	41.27194
JP	2019/11/18	Nonoichi	136.61667	good	36.53333
US	01/08/2023, 00:00:00	Clermont	-81.77285	good	28.54944
DE	11/10/2024, 00:00:00	Aschaffenburg	9.15214	excellent	49.97704
JP	11/11/2021, 00:00:00	Namerikawa	137.36215	good	36.75965
US	2025/03/14	San Juan	-98.15529	good	26.18924
CN	2025-08-20	Zaozhuang	117.55417	excellent	34.86472
IT	12/15/2022, 00:00:00	Bisceglie	16.50104	excellent	41.24264
TH	2025-03-10	Yasothon	104.1451	good	15.79408
ID	2022-10-25	Diwek	112.23109	good	-7.57897
IT	2024-09-11	Sassari	8.55552	good	40.72586
US	2017/07/16	Glendale	-118.25508	good	34.14251
IN	06/19/2019, 00:00:00	Dharmapuri	78.15794	good	12.1277
CO	06/25/2024, 00:00:00	Honda	-74.73584	excellent	5.20856
LR	2022/04/16	New Yekepa	-8.53778	excellent	7.57944
GB	2020-06-24	Kingston upon Hull	-0.33525	acceptable	53.7446
US	2023/02/03	Pleasant Prairie	-87.93341	excellent	42.55308
CN	22 Sep 2020	Boli	130.57211	good	45.75279
PH	2016/10/17	Dipolog	123.33471	good	8.56697
CN	2025-06-17	Sishui	117.27583	acceptable	35.64889
NL	2017/06/13	Hardenberg	6.61944	acceptable	52.57583
MG	06/24/2021, 00:00:00	Ikalamavony	46.58333	good	-21.15
KZ	2017/04/18	Kyzylorda	65.50917	good	44.85278
JP	26 Dec 2017	Toba	136.84186	acceptable	34.4833
CH	07/23/2018, 00:00:00	Adliswil	8.52462	acceptable	47.30997
US	11/27/2024, 00:00:00	San Gabriel	-118.10583	good	34.09611
CZ	10/27/2022, 00:00:00	Ostrava	18.262524	good	49.820923
IN	2021/05/22	Gorakhpur	83.36889	excellent	26.76628
NL	2025/05/18	Tongelre	5.51978	excellent	51.44889
CD	2019/07/11	Kasangulu	15.16554	good	-4.5833
US	2019/08/05	Kearns	-111.99633	acceptable	40.65995
PK	2021-10-02	Hasilpur	72.54566	good	29.69221
UA	2020-06-20	Kherson	32.6178	excellent	46.65581
ES	08/07/2023, 00:00:00	Las Gabias	-3.67029	excellent	37.13548
CN	2017-07-11	Wacheng	114.51667	good	33.78333
PK	04 Feb 2024	Hasilpur	72.54566	acceptable	29.69221
DE	2024-09-23	Rudolstadt	11.34046	good	50.72043
PK	2020-03-07	Qadirpur Ran	71.67164	acceptable	30.29184
FR	2023-12-21	Quimper	-4.1	excellent	48
IN	10/24/2022, 00:00:00	Rafiganj	84.63445	good	24.81757
MW	2019-01-16	Salima	34.4587	excellent	-13.7804
BR	2020-03-02	Caldas Novas	-48.62789	maintenance	-17.74431
SV	10 Jan 2022	Sonzacate	-89.71472	good	13.73417
CA	2018/01/23	Pointe-Claire	-73.81669	acceptable	45.44868
DE	2022/07/23	Stade	9.47629	good	53.59337
MQ	2021/01/24	Le Robert	-60.94228	good	14.67751
BR	2019-07-15	Carlos Barbosa	-51.50361	good	-29.2975
FI	05/03/2022, 00:00:00	Tornio	24.14662	good	65.84811
CN	08/20/2024, 00:00:00	Longgang	120.33063	good	37.65181
AO	2022-10-09	Luena	19.91667	excellent	-11.78333
NL	2018-11-15	Schiebroek	4.47124	good	51.95838
CN	2020-06-06	Shaowu	117.4831	good	27.34089
ID	10/15/2021, 00:00:00	Wangon	109.05389	excellent	-7.51611
BE	21 Mar 2020	Mouscron	3.20639	good	50.74497
DE	2017-06-08	Dahlem	13.28702	acceptable	52.4581
PL	03/26/2022, 00:00:00	Jaworzno	19.27498	good	50.20528
JP	20 Aug 2022	Shimotoda	139.6853	acceptable	35.815
HR	2020/01/31	Split	16.43915	good	43.50891
US	21 Apr 2023	Granger	-86.11084	good	41.75338
IN	2024-11-29	Kenda	86.51499	excellent	23.1959
MX	11 Sep 2024	Jocotepec	-103.42897	acceptable	20.28527
IR	2020-11-26	Nowshahr	51.49621	good	36.64852
JP	2024/08/22	Inawashiro	140.11667	excellent	37.56667
IN	2015-10-06	Gajendragarh	75.96976	good	15.73628
GB	2017/12/13	Leyland	-2.68758	good	53.69786
DE	02 Oct 2020	Oschatz	13.10984	acceptable	51.30001
FR	2025-03-23	Ajaccio	8.73812	acceptable	41.91886
RU	2016/08/02	Novopavlovsk	43.63417	good	43.96222
IT	2016-04-29	Lanciano	14.39024	good	42.22718
UZ	2024/08/07	Parkent	69.67639	good	41.29444
FR	04/26/2022, 00:00:00	Niort	-0.45877	excellent	46.32313
SK	2018-09-24	Hlohovec	17.8031	excellent	48.43174
DE	10/10/2023, 00:00:00	Rudolstadt	11.34046	good	50.72043
FR	20 Apr 2023	Mitry-Mory	2.61667	good	48.98333
JM	18 Jul 2024	New Kingston	-76.78319	good	18.00747
TR	2023/08/22	Bergama	27.18052	good	39.12074
US	2021-04-14	Coralville	-91.58045	good	41.6764
ES	2021-10-16	Caravaca	-1.86343	excellent	38.10558
AR	2019/01/04	Chacabuco	-60.47389	excellent	-34.64167
AT	2022-01-04	Sankt Peter	15.46667	good	47.05
DE	09/24/2022, 00:00:00	Gauting	11.37703	excellent	48.06919
IT	08 Dec 2024	Campobasso	14.66737	acceptable	41.55947
XK	09/05/2020, 00:00:00	Glogovac	20.89389	acceptable	42.62833
UZ	2024/08/23	Andijon	72.34424	acceptable	40.78206
TR	26 Oct 2020	Serinhisar	29.26639	good	37.58105
RU	06/01/2016, 00:00:00	Kireyevsk	37.92792	acceptable	53.93361
ES	2023/02/23	Segundo Ensanche	-1.64295	excellent	42.8139
IN	06 Jun 2019	Sambalpur	83.97573	good	21.46527
IT	05/13/2018, 00:00:00	Novara	8.62118	maintenance	45.44694
DE	04/27/2018, 00:00:00	Friedberg	10.98461	excellent	48.35693
GB	05/29/2016, 00:00:00	Lower Earley	-0.91979	excellent	51.42708
NL	27 May 2020	Emmeloord	5.74861	good	52.71083
TR	2019/04/21	Mardin	40.74357	excellent	37.31309
BJ	2020/09/26	Tchaourou	2.59753	good	8.88649
DO	04 Mar 2018	Santa Cruz de Barahona	-71.10077	good	18.20854
BE	2025-06-05	Beveren	4.25633	excellent	51.21187
LY	2015/12/04	Ghat	10.18003	excellent	24.96334
LK	03 Jul 2024	Hendala	79.883	good	6.9909
BR	2020/04/17	Lagarto	-37.65	excellent	-10.91722
IT	17 Nov 2024	Volla	14.34085	good	40.87363
CU	2018-02-27	Corralillo	-80.58556	acceptable	22.98212
RU	2022/11/26	Nizhniy Lomov	43.67663	good	53.53041
US	2020/01/29	Pahrump	-115.98391	maintenance	36.20829
US	2016-06-20	Opportunity	-117.23991	acceptable	47.64995
IT	06 Aug 2023	Somma Vesuviana	14.43865	acceptable	40.87329
RU	29 Apr 2023	Tyoply Stan	37.49338	excellent	55.62047
CL	18 Dec 2016	La Ligua	-71.23106	excellent	-32.45242
PH	03/01/2018, 00:00:00	Dipolog	123.33471	good	8.56697
CN	2018/02/23	Pucheng	118.53333	excellent	27.92333
DJ	06 Feb 2023	'Ali Sabieh	42.7125	good	11.15583
IN	19 Mar 2025	Sambalpur	83.97573	excellent	21.46527
BD	2018-01-10	Manikchari	91.84128	good	22.83957
BR	06 Feb 2017	Carlos Barbosa	-51.50361	good	-29.2975
CN	2023-01-02	Beidao	105.89333	excellent	34.56861
PT	27 Jul 2017	Ponta Delgada	-25.66689	excellent	37.74615
MM	2017/01/30	Kyaikto	97.01124	maintenance	17.30858
FR	02 Feb 2022	Lons-le-Saunier	5.55575	excellent	46.67535
JP	2021/05/22	Kamakura	139.55028	good	35.30889
CA	12/06/2017, 00:00:00	Kelowna	-119.48568	good	49.88307
BE	2022/01/21	Beveren	4.25633	good	51.21187
BR	2020-03-30	Barra dos Coqueiros	-37.03861	good	-10.90889
TH	2020/05/02	Roi Et	103.65309	good	16.0567
PR	2018/12/23	Yauco	-66.8499	good	18.03496
ES	2017/02/04	Villaquilambre	-5.55835	good	42.64685
LK	04/28/2021, 00:00:00	Hendala	79.883	excellent	6.9909
RS	09 Mar 2017	Sremska Mitrovica	19.61222	good	44.97639
ES	07/20/2020, 00:00:00	Jumilla	-1.325	excellent	38.47917
RU	2020/02/08	Yashkino	85.4265	acceptable	55.8736
VU	2021/04/12	Port-Vila	168.31366	excellent	-17.73648
RE	16 Oct 2023	Saint-Denis	55.4504	good	-20.88231
IN	2017/09/15	Saharsa	86.59611	good	25.87498
BR	2024-03-05	Soledade	-52.51028	good	-28.81833
US	2019/11/07	American Canyon	-122.2608	excellent	38.17492
CZ	2021-07-08	Terezín	14.150558	good	50.511002
DE	12 Sep 2016	Hermsdorf	13.31783	good	52.61131
US	2021/09/09	Gates-North Gates	-77.70066	excellent	43.16547
US	2017-01-20	Crystal Lake	-88.3162	good	42.24113
IN	05/11/2021, 00:00:00	Puducherry	79.82979	acceptable	11.93381
JP	2024-04-30	Komono	136.51667	good	35
GM	06/12/2022, 00:00:00	Farafenni	-15.6	good	13.56667
DE	2022-10-23	Trossingen	8.64409	maintenance	48.07667
CN	08/17/2021, 00:00:00	Liaoyang	123.17306	good	41.27194
CN	10 Jul 2023	Longgang	120.33063	good	37.65181
NL	06 Feb 2023	Hardenberg	6.61944	good	52.57583
FR	29 Jan 2020	Fontenay-aux-Roses	2.29275	good	48.79325
IN	2024/07/08	Hungund	76.0586	good	16.06213
GB	2023/06/27	Rutherglen	-4.21376	good	55.82885
AU	2018/12/01	Maryborough	152.70493	excellent	-25.54073
US	2022/01/19	Columbia Heights	-93.263	good	45.0408
LY	25 Apr 2016	Ghat	10.18003	acceptable	24.96334
CL	05/25/2022, 00:00:00	La Ligua	-71.23106	good	-32.45242
MD	2020/08/10	Soroca	28.28489	good	48.15659
TJ	2023-10-12	Vahdat	69.01354	good	38.55632
EC	2018/09/06	Milagro	-79.59415	acceptable	-2.13404
IN	2019-06-09	Chharra	78.40102	acceptable	27.9247
US	2017/10/29	Claremont	-117.71978	maintenance	34.09668
JP	02/25/2020, 00:00:00	Hita	130.94098	excellent	33.3213
IN	01/31/2017, 00:00:00	Periyakulam	77.54372	good	10.12268
PH	2016-02-28	Calauan	121.3152	maintenance	14.14989
GB	2019/09/19	Kingston upon Hull	-0.33525	acceptable	53.7446
NL	2024-07-13	Vught	5.2875	excellent	51.65333
NE	10/15/2020, 00:00:00	Mirriah	9.15013	good	13.70727
IN	19 Jan 2018	Gingee	79.41727	maintenance	12.25282
IN	2017/06/07	Puducherry	79.82979	acceptable	11.93381
US	05 Apr 2018	Pleasant Prairie	-87.93341	good	42.55308
NI	28 Jun 2024	Somoto	-86.58208	good	13.48082
ID	06/06/2023, 00:00:00	Besuki	113.69785	excellent	-7.73379
US	2021-09-20	Estelle	-90.10674	good	29.84576
FR	2023/12/05	Cavaillon	5.03586	acceptable	43.83125
IN	2021/10/26	Dalsingh Sarai	85.83636	good	25.66795
BR	2021-10-24	Altamira	-52.20639	acceptable	-3.20333
BR	2020-12-31	Cabo	-35.03333	excellent	-8.28333
MX	11/13/2024, 00:00:00	Guanajuato	-101.2591	acceptable	21.01858
CZ	28 Sep 2015	Plzeň	13.373637	acceptable	49.738430
TZ	12/09/2015, 00:00:00	Kidodi	37.00438	excellent	-7.60361
GB	03/08/2022, 00:00:00	Lancing	-0.32247	excellent	50.82882
BR	11 Jun 2016	Artur Nogueira	-47.1725	maintenance	-22.57306
PA	2016-07-25	Veracruz	-79.62603	good	8.88988
CN	2016/12/15	Yingkou	122.22833	good	40.66482
AU	01/02/2017, 00:00:00	Griffith	146.05093	good	-34.28853
IN	10 Jul 2020	Aklera	76.56719	acceptable	24.41288
UA	11/13/2024, 00:00:00	Kherson	32.6178	good	46.65581
IT	10 Aug 2021	Montecchio Maggiore-Alte Ceccato	11.412	good	45.50369
IN	26 Jan 2024	Meerut	77.70636	good	28.98002
RU	2017/11/02	Buynaksk	47.1192	excellent	42.819
DZ	2022/07/12	Thenia	3.55665	excellent	36.72544
FR	2022-01-06	Lons-le-Saunier	5.55575	excellent	46.67535
FR	2018/07/09	Saint-Omer	2.25	good	50.75
MX	2017/01/29	Santa Rosa Jauregui	-100.44843	acceptable	20.74122
VU	11/27/2017, 00:00:00	Port-Vila	168.31366	excellent	-17.73648
IN	08/19/2025, 00:00:00	Kundla	71.30633	acceptable	21.34222
US	2020/09/19	Kent	-122.23484	excellent	47.38093
RU	11/19/2024, 00:00:00	Shushary	30.38167	good	59.80917
NG	2021/09/24	Argungu	4.52514	excellent	12.74482
US	10/04/2019, 00:00:00	Gates-North Gates	-77.70066	good	43.16547
PG	2017/07/04	Mount Hagen	144.23058	excellent	-5.85746
CA	2016-07-11	Sainte-Catherine	-73.58248	good	45.40008
NO	2022-06-15	Harstad	16.54165	excellent	68.79833
FI	2024-04-09	Kallio	24.95034	acceptable	60.18427
JP	29 Aug 2016	Sasayama	135.21667	good	35.06667
US	2016-07-10	Huntley	-88.42814	excellent	42.16808
IT	2017-06-18	Gorgonzola	9.40531	excellent	45.53069
ES	17 Oct 2019	Novelda	-0.76773	good	38.38479
CZ	2019/01/21	Praha	14.418540	good	50.073658
TZ	2020-06-02	Mvomero	38.66667	good	-6.25
DE	2024/12/29	Radevormwald	7.36027	good	51.20219
IN	02/23/2019, 00:00:00	Bachhraon	78.23456	good	28.92694
IN	2016-08-27	Betamcherla	78.14797	good	15.45144
RU	2019-06-17	Kovylkino	43.91385	acceptable	54.03876
IT	2016-12-15	Campobasso	14.66737	acceptable	41.55947
BR	09/18/2023, 00:00:00	Palmeira	-50.00639	good	-25.42944
BE	03/10/2024, 00:00:00	Houthalen	5.37429	good	51.03427
LY	2024/10/05	Ajdabiya	20.22625	good	30.75545
IN	01 Sep 2019	Osmanabad	76.03889	good	18.18158
PS	2016-10-02	East Jerusalem	35.23388	excellent	31.78336
AU	03/21/2017, 00:00:00	Perth	115.8614	good	-31.95224
BR	02 Sep 2022	Soure	-48.52333	good	-0.71667
PK	21 Mar 2017	Daud Khel	71.57118	good	32.87533
LY	2016/04/01	Ajdabiya	20.22625	acceptable	30.75545
IN	2015-12-29	Amreli	71.21169	good	21.59983
KZ	10 Apr 2022	Otegen Batyra	77.0202	good	43.41949
US	07/13/2017, 00:00:00	Kaukauna	-88.27205	excellent	44.27804
NI	2020-04-19	Somoto	-86.58208	maintenance	13.48082
IN	2021/05/20	Gajendragarh	75.96976	excellent	15.73628
RU	04 Jul 2023	Alatyr‚Äô	46.5813	excellent	54.8421
AZ	2025/04/15	Qazax	45.36561	excellent	41.09246
MG	25 Jun 2021	Sakaraha	44.53333	good	-22.9
IN	2023/10/02	Adra	86.68363	maintenance	23.49668
JP	24 Sep 2021	Shinshiro	137.5	excellent	34.9
BE	2021/11/24	Mouscron	3.20639	excellent	50.74497
CN	22 Oct 2016	Yingkou	122.22833	good	40.66482
US	2025/06/13	Port Huron	-82.42491	good	42.97086
DE	05/07/2016, 00:00:00	Nidderau	8.86704	good	50.23805
NG	2019-01-06	Kafanchan	8.2926	good	9.58126
DE	2017-12-02	Friedberg	10.98461	maintenance	48.35693
DE	2018/03/02	Bretten	8.70745	good	49.03685
LT	18 Mar 2020	Ukmerge	24.75	excellent	55.25
CZ	2016-05-05	Karlovy Vary	12.87117	excellent	50.23271
PE	2019/06/24	Chosica	-76.70944	good	-11.94306
AR	11/25/2021, 00:00:00	Aguilares	-65.61427	good	-27.4338
GB	2025/04/21	Winsford	-2.52398	excellent	53.19146
FR	2018/04/27	Elbeuf	1.00288	good	49.28669
BR	10/03/2016, 00:00:00	Tucano	-38.79084	good	-10.95817
US	2020-07-24	Estelle	-90.10674	good	29.84576
DE	2021-07-02	Oschatz	13.10984	acceptable	51.30001
US	2022/03/31	Carlsbad	-104.22884	excellent	32.42067
TH	2025-01-30	Thap Than	99.89166	good	15.46063
JP	2019-02-19	Motomachi	144.09638	good	43.82634
CU	29 Feb 2020	Corralillo	-80.58556	good	22.98212
CZ	28 Jan 2024	České Budějovice	14.480255	excellent	48.975658
US	13 Mar 2016	Schererville	-87.45476	excellent	41.47892
CO	2018-07-29	Honda	-74.73584	good	5.20856
CN	2022-09-16	Dongdu	117.7	acceptable	35.85
BD	09/17/2023, 00:00:00	Manikchari	91.84128	good	22.83957
VE	07/30/2023, 00:00:00	Ciudad Guayana	-62.64102	excellent	8.35122
GB	2024-03-26	Strood	0.47713	excellent	51.39323
NI	05/09/2021, 00:00:00	Jinotepe	-86.19903	excellent	11.84962
IT	2025/09/07	Ariccia	12.6723	good	41.72063
TZ	2021-04-29	Magomeni	39.25	excellent	-6.8
US	2016/09/15	Scotch Plains	-74.38987	acceptable	40.65538
RU	08/22/2022, 00:00:00	Novopavlovsk	43.63417	excellent	43.96222
RU	07/03/2025, 00:00:00	Ishim	69.49015	good	56.11281
SO	08/30/2021, 00:00:00	Kismayo	42.54536	excellent	-0.35817
CN	2022/01/25	Hoxtolgay	86.00214	excellent	46.51872
MX	2024/11/08	Paracho de Verduzco	-102.04897	excellent	19.64745
IT	27 Oct 2021	Falconara Marittima	13.39954	good	43.62558
AU	2016/12/14	Carindale	153.10236	acceptable	-27.50578
JP	2021-08-09	Nonoichi	136.61667	maintenance	36.53333
FR	2023-09-19	Gonesse	2.44892	good	48.98693
FR	2017/11/02	Montpellier	3.87723	good	43.61092
IT	07 Jun 2017	Cordenons	12.70038	good	45.9836
DE	06/19/2018, 00:00:00	Neuburg an der Donau	11.18709	good	48.73218
IT	2021/06/19	Bisceglie	16.50104	good	41.24264
US	12/17/2015, 00:00:00	Lompoc	-120.45794	good	34.63915
FR	2021/11/24	Bron	4.91667	acceptable	45.73333
US	2018/04/30	Claremont	-117.71978	good	34.09668
IT	08 Feb 2021	Sassari	8.55552	good	40.72586
US	2019-08-01	Copperas Cove	-97.90308	excellent	31.12406
LY	2019-06-17	Ajdabiya	20.22625	good	30.75545
US	13 Jan 2016	Greenpoint	-73.95097	excellent	40.72371
SV	10 Apr 2017	Sonzacate	-89.71472	good	13.73417
TH	05 Nov 2018	Roi Et	103.65309	acceptable	16.0567
CN	08/27/2019, 00:00:00	Sishui	117.27583	maintenance	35.64889
US	2018-11-05	Kendall	-80.31727	good	25.67927
CZ	2025/07/05	Kutná Hora	15.268654	good	49.952431
PK	02/01/2021, 00:00:00	Mianwali	71.52847	good	32.57756
ID	2022/02/13	Ngemplak	110.71639	excellent	-7.54972
IN	2019-10-30	Srinagar	74.80555	excellent	34.08565
US	2022-04-19	Peabody	-70.92866	good	42.52787
GB	10/11/2017, 00:00:00	Kingston upon Hull	-0.33525	good	53.7446
IN	2025/02/18	Kashipur	78.95693	acceptable	29.21399
DE	2021/01/22	Oberhausen	6.8625	good	51.47805
TR	2019-12-12	Serinhisar	29.26639	excellent	37.58105
PK	08 Aug 2020	Qadirpur Ran	71.67164	good	30.29184
JP	16 Sep 2018	Ina	137.95378	good	35.82756
AZ	28 Aug 2020	Qazax	45.36561	acceptable	41.09246
RU	11 Mar 2016	Stupino	38.07083	excellent	54.90083
CN	2017-12-31	Xiangtan	112.9	excellent	27.85
CN	27 Jul 2020	Jiangyan	120.14278	excellent	32.50611
GB	13 Jun 2022	Devizes	-1.99421	good	51.35084
US	2017-07-02	Clermont	-81.77285	good	28.54944
BR	10/24/2018, 00:00:00	Curitiba	-49.27306	maintenance	-25.42778
GB	2016-08-11	Kingston upon Hull	-0.33525	good	53.7446
BR	2020-01-29	Altamira	-52.20639	good	-3.20333
GT	02/22/2021, 00:00:00	Chichicastenango	-91.11667	good	14.93333
CZ	26 Jan 2019	Český Krumlov	14.317466	excellent	48.812737
TN	2018-11-28	Siliana	9.37082	good	36.08497
US	2023/07/18	Kensington	-73.97069	good	40.64621
BJ	2016/09/12	Tchaourou	2.59753	good	8.88649
CN	2019/09/04	Yanliang	109.22921	good	34.65918
ID	21 Nov 2023	Diwek	112.23109	acceptable	-7.57897
RE	2021-07-13	Saint-Denis	55.4504	excellent	-20.88231
PR	03/11/2016, 00:00:00	Aguadilla	-67.15407	good	18.42745
CH	18 Oct 2022	Adliswil	8.52462	good	47.30997
RU	22 Apr 2021	Zhukovka	33.72798	good	53.53395
US	2020/11/25	Woodlawn	-76.72803	excellent	39.32288
IR	2023-12-16	Isfahan	51.67462	good	32.65246
BE	11/01/2023, 00:00:00	Beveren	4.25633	good	51.21187
IN	2021/01/03	Bhuban	85.83334	good	20.88197
FR	2024-09-28	Dax	-1.05366	excellent	43.71032
US	2021-04-11	North Lauderdale	-80.22588	acceptable	26.2173
AU	2023-05-16	Frankston South	145.13643	acceptable	-38.16604
US	2018/07/13	Kaukauna	-88.27205	acceptable	44.27804
RU	06 Apr 2016	Aykhal	111.4834	excellent	65.93381
GB	2015-10-27	Thetford	0.75	good	52.41667
FR	30 Sep 2015	Cavaillon	5.03586	good	43.83125
GB	03 May 2019	Arbroath	-2.58736	good	56.56317
PH	05/27/2025, 00:00:00	Antipolo	121.12251	good	14.62578
BR	2024/07/24	Marau	-52.2	good	-28.44917
BR	2018-05-03	Caldas Novas	-48.62789	acceptable	-17.74431
RU	2016/06/01	Lesozavodsk	133.42825	acceptable	45.47885
GB	2020/01/27	Thetford	0.75	good	52.41667
GB	14 May 2016	Brierley Hill	-2.12139	acceptable	52.48173
GT	13 Oct 2019	Chichicastenango	-91.11667	excellent	14.93333
IN	13 Aug 2018	Periyakulam	77.54372	good	10.12268
PK	02/16/2021, 00:00:00	Naushahra Virkan	73.97117	good	31.96258
US	2016/07/08	Punta Gorda Isles	-82.07842	good	26.91756
IN	2025-07-27	Davangere	75.92694	excellent	14.46693
NL	2021-08-04	Barneveld	5.58472	excellent	52.14
IN	2022/10/02	Jais	81.54855	excellent	26.2649
NA	05/23/2024, 00:00:00	Okahandja	16.91667	excellent	-21.98333
NZ	12/21/2024, 00:00:00	Timaru	171.25364	excellent	-44.39672
KE	2025/08/27	Lodwar	35.59642	maintenance	3.11988
RU	06 Aug 2020	Lesnoy	59.80222	good	58.63667
PH	03/05/2019, 00:00:00	Pilar	120.56528	excellent	14.66
US	2018-03-03	Murray	-88.31476	excellent	36.61033
US	2017-11-15	Mechanicsville	-77.37331	good	37.60876
FR	2018-04-23	Valence	4.8951	maintenance	44.92801
US	02/21/2023, 00:00:00	Ada	-96.67834	good	34.77453
PH	11/23/2015, 00:00:00	Sorsogon	123.99333	good	12.97389
GB	2018-08-09	Strood	0.47713	maintenance	51.39323
CN	2019-06-21	Zhoushan	122.20488	excellent	29.98869
IE	2019/11/28	An Muileann gCearr	-7.35	good	53.53333
US	17 May 2024	Palm Valley	-81.38758	good	30.17746
ID	2019/01/23	Pekanbaru	101.44167	good	0.51667
AF	2021/07/24	Sar-e Pul	65.93249	good	36.21544
ID	06/13/2018, 00:00:00	Wangon	109.05389	good	-7.51611
PH	15 Sep 2018	Santa Catalina	122.8637	good	9.3337
GB	2024-09-06	Penzance	-5.53715	good	50.11861
IN	2019-03-04	Gajendragarh	75.96976	excellent	15.73628
NL	2017-04-13	Schiebroek	4.47124	good	51.95838
DE	10/06/2022, 00:00:00	Finnentrop	7.973	excellent	51.168
UA	12/16/2018, 00:00:00	Krasyliv	26.97253	acceptable	49.65186
US	20 Mar 2024	Greenfield	-85.76942	maintenance	39.78504
BW	2019/03/26	Tonota	27.46153	good	-21.44236
UA	2020/01/19	Hlukhiv	33.9162	maintenance	51.67822
IT	2016/03/15	Catania	15.07041	good	37.49223
ES	29 May 2017	Jumilla	-1.325	good	38.47917
UY	2021/07/25	Durazno	-56.52361	excellent	-33.38056
IN	2025-01-05	Betamcherla	78.14797	good	15.45144
US	2025/05/03	Jackson	-88.81395	acceptable	35.61452
PK	2022/12/14	Hasilpur	72.54566	acceptable	29.69221
US	11/29/2024, 00:00:00	South Lawndale	-87.71255	excellent	41.84364
TH	08 Jun 2020	Nakhon Si Thammarat	99.96667	acceptable	8.43333
CN	23 Aug 2022	Changzhi	111.73861	excellent	35.20889
IN	2022/03/28	Malaut	74.4818	excellent	30.21121
PK	10 Dec 2018	Naushahra Virkan	73.97117	excellent	31.96258
BR	2024-08-27	Itabirito	-43.80139	good	-20.25333
US	05 Feb 2023	Troutdale	-122.38731	acceptable	45.53929
IN	02/28/2020, 00:00:00	Hungund	76.0586	good	16.06213
IN	2025/09/21	Meerut	77.70636	good	28.98002
US	01/18/2025, 00:00:00	Lexington	-81.23621	good	33.98154
PK	2022/06/28	Qadirpur Ran	71.67164	acceptable	30.29184
BD	29 Jan 2020	Kushtia	89.11943	good	23.9028
AU	2023/02/07	Perth	115.8614	good	-31.95224
IR	04/15/2021, 00:00:00	Aleshtar	48.26258	excellent	33.86419
IN	15 Jan 2024	Kenda	86.51499	acceptable	23.1959
US	07/18/2025, 00:00:00	Porterville	-119.01677	excellent	36.06523
TR	2022/10/11	Aksaray	34.02537	good	38.37255
DZ	2024-01-01	Messaad	3.50309	good	34.15429
JP	2016-05-03	Ueno-ebisumachi	136.13108	good	34.75856
AM	2023/08/03	Hrazdan	44.7662	acceptable	40.49748
RE	2022/02/06	Saint-Denis	55.4504	good	-20.88231
BR	2023/10/14	Soledade	-52.51028	excellent	-28.81833
CO	06/06/2022, 00:00:00	Andes	-75.87877	good	5.6561
MN	08/07/2017, 00:00:00	Ulan Bator	106.88324	good	47.90771
